Workbook

Sheet GPA
A1: Student Name | C1: GPA
A2: Ahmed Khan | C2: 3.67
A3: Ayesha Ali | C3: 3.9
A4: Hassan Sheikh | C4: 4
A5: Fatima Malik | C5: 2.5
A6: Zain Qureshi | C6: 1.9
A7: Sana Rehman | C7: 3.2
A8: Bilal Chaudhry | C8: 2.3
A9: Hina Siddiqui | C9: 3.1
A10: Omar Raza | C10: 2.9
A11: Amina Khan | C11: 4
A12: Usman Iqbal | C12: 2.7
A13: Maryam Tariq | C13: 3.2
... A17: Khadija Niazi | C17: 3.9

Sheet Breakdown
A1: GPA is linked from "GPA sheet"
A2: Student Name | B2: Maths | C2: Physics | D2: Biology | E2: Chemistry | F2: Pakistan Studies | G2: Urdu | H2: English | I2: Islamiat | J2: Percentage | K2: GPA
A3: Ahmed Khan | B3: 78 | C3: 85 | D3: 74 | E3: 81 | F3: 69 | G3: 88 | H3: 77 | I3: 90 | J3: =SUM(B3:I3)/800 *100 -> 80.25 | K3: =GPA!C2 -> 3.67
A4: Ayesha Ali | B4: 62 | C4: 71 | D4: 65 | E4: 70 | F4: 58 | G4: 79 | H4: 69 | I4: 72 | J4: =SUM(B4:I4)/800 *100 -> 68.25 | K4: =GPA!C3 -> 3.9
A5: Hassan Sheikh | B5: 89 | C5: 92 | D5: 90 | E5: 94 | F5: 85 | G5: 91 | H5: 86 | I5: 93 | J5: =SUM(B5:I5)/800 *100 -> 90 | K5: =GPA!C4 -> 4
A6: Fatima Malik | B6: 54 | C6: 59 | D6: 55 | E6: 57 | F6: 61 | G6: 64 | H6: 59 | I6: 63 | J6: =SUM(B6:I6)/800 *100 -> 59 | K6: =GPA!C5 -> 2.5
A7: Zain Qureshi | B7: 73 | C7: 77 | D7: 68 | E7: 72 | F7: 66 | G7: 74 | H7: 70 | I7: 75 | J7: =SUM(B7:I7)/800 *100 -> 71.875 | K7: =GPA!C6 -> 1.9
A8: Sana Rehman | B8: 81 | C8: 84 | D8: 79 | E8: 83 | F8: 77 | G8: 85 | H8: 80 | I8: 87 | J8: =SUM(B8:I8)/800 *100 -> 82 | K8: =GPA!C7 -> 3.2
A9: Bilal Chaudhry | B9: 47 | C9: 52 | D9: 45 | E9: 50 | F9: 49 | G9: 53 | H9: 48 | I9: 54 | J9: =SUM(B9:I9)/800 *100 -> 49.75 | K9: =GPA!C8 -> 2.3
A10: Hina Siddiqui | B10: 90 | C10: 95 | D10: 91 | E10: 92 | F10: 88 | G10: 93 | H10: 89 | I10: 94 | J10: =SUM(B10:I10)/800 *100 -> 91.5 | K10: =GPA!C9 -> 3.1
A11: Omar Raza | B11: 68 | C11: 73 | D11: 66 | E11: 69 | F11: 62 | G11: 70 | H11: 67 | I11: 71 | J11: =SUM(B11:I11)/800 *100 -> 68.25 | K11: =GPA!C10 -> 2.9
A12: Amina Khan | B12: 75 | C12: 80 | D12: 73 | E12: 76 | F12: 70 | G12: 78 | H12: 74 | I12: 79 | J12: =SUM(B12:I12)/800 *100 -> 75.625 | K12: =GPA!C11 -> 4
A13: Usman Iqbal | B13: 59 | C13: 64 | D13: 60 | E13: 62 | F13: 57 | G13: 65 | H13: 61 | I13: 66 | J13: =SUM(B13:I13)/800 *100 -> 61.75 | K13: =GPA!C12 -> 2.7
A14: Maryam Tariq | B14: 83 | C14: 87 | D14: 82 | E14: 85 | F14: 79 | G14: 86 | H14: 82 | I14: 88 | J14: =SUM(B14:I14)/800 *100 -> 84 | K14: =GPA!C13 -> 3.2
... A18: Khadija Niazi | B18: 63 | C18: 67 | D18: 62 | E18: 66 | F18: 60 | G18: 68 | H18: 64 | I18: 69 | J18: =SUM(B18:I18)/800 *100 -> 64.875 | K18: =GPA!C17 -> 3.9
